{"parent":"nova:item/gui_item","elements":[{"from":[-1.0,-1.0,0.0],"to":[17.0,17.0,0.0],"faces":{"south":{"uv":[0.0,0.0,9.0,9.0],"texture":"particle"}}},{"from":[-1.0,-1.0,0.3333333333333333],"to":[17.0,17.0,0.3333333333333333],"faces":{"south":{"uv":[0.0,0.0,9.0,9.0],"texture":"1"}}},{"from":[-1.0,-1.0,0.6666666666666666],"to":[17.0,17.0,0.6666666666666666],"faces":{"south":{"uv":[0.0,0.0,9.0,9.0],"texture":"2"}}}]}